date,entity_name,entity_id,views
2021/06/01 00:00:00,ANO_2011,1,4274
2021/06/01 00:00:00,Česká_strana_sociálně_demokratická,3,4579
2021/06/01 00:00:00,Starostové_a_nezávislí,8,2988
2021/06/01 00:00:00,TOP_09,11,3238
2021/06/01 00:00:00,Česká_pirátská_strana,2,6812
2021/06/01 00:00:00,Svoboda_a_přímá_demokracie,10,3960
2021/06/01 00:00:00,Trikolora_Svobodní_Soukromníci,13,2376
2021/06/01 00:00:00,Trikolóra_hnutí_občanů,12,1113
2021/06/01 00:00:00,Komunistická_strana_Čech_a_Moravy,5,3430
2021/06/01 00:00:00,Strana_zelených,9,1629
2021/06/01 00:00:00,Přísaha_-_občanské_hnutí_Roberta_Šlachty,7,11136
2021/06/01 00:00:00,KDU-ČSL,4,3902
2021/06/01 00:00:00,Občanská_demokratická_strana,6,4253
2021/05/01 00:00:00,ANO_2011,1,5830
2021/05/01 00:00:00,Česká_strana_sociálně_demokratická,3,7078
2021/05/01 00:00:00,Starostové_a_nezávislí,8,4406
2021/05/01 00:00:00,TOP_09,11,6196
2021/05/01 00:00:00,Česká_pirátská_strana,2,11819
2021/05/01 00:00:00,Svoboda_a_přímá_demokracie,10,5624
2021/05/01 00:00:00,Trikolóra_hnutí_občanů,12,3121
2021/05/01 00:00:00,Komunistická_strana_Čech_a_Moravy,5,4324
2021/05/01 00:00:00,Strana_zelených,9,2662
2021/05/01 00:00:00,Přísaha_-_občanské_hnutí_Roberta_Šlachty,7,4249
2021/05/01 00:00:00,KDU-ČSL,4,5172
2021/05/01 00:00:00,Občanská_demokratická_strana,6,5664
2021/04/01 00:00:00,ANO_2011,1,7726
2021/04/01 00:00:00,Česká_strana_sociálně_demokratická,3,11350
2021/04/01 00:00:00,Starostové_a_nezávislí,8,5568
2021/04/01 00:00:00,TOP_09,11,6497
2021/04/01 00:00:00,Česká_pirátská_strana,2,13133
2021/04/01 00:00:00,Svoboda_a_přímá_demokracie,10,6106
2021/04/01 00:00:00,Trikolóra_hnutí_občanů,12,3514
2021/04/01 00:00:00,Komunistická_strana_Čech_a_Moravy,5,5952
2021/04/01 00:00:00,Strana_zelených,9,3253
2021/04/01 00:00:00,Přísaha_-_občanské_hnutí_Roberta_Šlachty,7,897
2021/04/01 00:00:00,KDU-ČSL,4,6093
2021/04/01 00:00:00,Občanská_demokratická_strana,6,7263
2021/03/01 00:00:00,ANO_2011,1,8915
2021/03/01 00:00:00,Česká_strana_sociálně_demokratická,3,8632
2021/03/01 00:00:00,Starostové_a_nezávislí,8,6284
2021/03/01 00:00:00,TOP_09,11,7199
2021/03/01 00:00:00,Česká_pirátská_strana,2,16900
2021/03/01 00:00:00,Svoboda_a_přímá_demokracie,10,6970
2021/03/01 00:00:00,Trikolóra_hnutí_občanů,12,5477
2021/03/01 00:00:00,Komunistická_strana_Čech_a_Moravy,5,5593
2021/03/01 00:00:00,Strana_zelených,9,3602
2021/03/01 00:00:00,KDU-ČSL,4,5849
2021/03/01 00:00:00,Občanská_demokratická_strana,6,7519
2021/02/01 00:00:00,ANO_2011,1,7329
2021/02/01 00:00:00,Česká_strana_sociálně_demokratická,3,7176
2021/02/01 00:00:00,Starostové_a_nezávislí,8,4980
2021/02/01 00:00:00,TOP_09,11,6146
2021/02/01 00:00:00,Česká_pirátská_strana,2,9433
2021/02/01 00:00:00,Svoboda_a_přímá_demokracie,10,5305
2021/02/01 00:00:00,Trikolóra_hnutí_občanů,12,3353
2021/02/01 00:00:00,Komunistická_strana_Čech_a_Moravy,5,4857
2021/02/01 00:00:00,Strana_zelených,9,2367
2021/02/01 00:00:00,KDU-ČSL,4,4841
2021/02/01 00:00:00,Občanská_demokratická_strana,6,5805
2021/01/01 00:00:00,ANO_2011,1,6114
2021/01/01 00:00:00,Česká_strana_sociálně_demokratická,3,6372
2021/01/01 00:00:00,Starostové_a_nezávislí,8,3931
2021/01/01 00:00:00,TOP_09,11,5865
2021/01/01 00:00:00,Česká_pirátská_strana,2,7531
2021/01/01 00:00:00,Svoboda_a_přímá_demokracie,10,5379
2021/01/01 00:00:00,Trikolóra_hnutí_občanů,12,2949
2021/01/01 00:00:00,Komunistická_strana_Čech_a_Moravy,5,4059
2021/01/01 00:00:00,Strana_zelených,9,2949
2021/01/01 00:00:00,KDU-ČSL,4,4441
2021/01/01 00:00:00,Občanská_demokratická_strana,6,5529
2020/12/01 00:00:00,ANO_2011,1,4376
2020/12/01 00:00:00,Česká_strana_sociálně_demokratická,3,4602
2020/12/01 00:00:00,Starostové_a_nezávislí,8,3002
2020/12/01 00:00:00,TOP_09,11,3481
2020/12/01 00:00:00,Česká_pirátská_strana,2,5668
2020/12/01 00:00:00,Svoboda_a_přímá_demokracie,10,2738
2020/12/01 00:00:00,Trikolóra_hnutí_občanů,12,2181
2020/12/01 00:00:00,Komunistická_strana_Čech_a_Moravy,5,3427
2020/12/01 00:00:00,Strana_zelených,9,1621
2020/12/01 00:00:00,KDU-ČSL,4,2903
2020/12/01 00:00:00,Občanská_demokratická_strana,6,3973
2020/11/01 00:00:00,ANO_2011,1,6430
2020/11/01 00:00:00,Česká_strana_sociálně_demokratická,3,6827
2020/11/01 00:00:00,Starostové_a_nezávislí,8,4397
2020/11/01 00:00:00,TOP_09,11,4801
2020/11/01 00:00:00,Česká_pirátská_strana,2,7034
2020/11/01 00:00:00,Svoboda_a_přímá_demokracie,10,3914
2020/11/01 00:00:00,Trikolóra_hnutí_občanů,12,2665
2020/11/01 00:00:00,Komunistická_strana_Čech_a_Moravy,5,4277
2020/11/01 00:00:00,Strana_zelených,9,1978
2020/11/01 00:00:00,KDU-ČSL,4,4325
2020/11/01 00:00:00,Občanská_demokratická_strana,6,5573
2020/10/01 00:00:00,ANO_2011,1,14656
2020/10/01 00:00:00,Česká_strana_sociálně_demokratická,3,11280
2020/10/01 00:00:00,Starostové_a_nezávislí,8,14057
2020/10/01 00:00:00,TOP_09,11,11817
2020/10/01 00:00:00,Česká_pirátská_strana,2,17942
2020/10/01 00:00:00,Svoboda_a_přímá_demokracie,10,6647
2020/10/01 00:00:00,Trikolóra_hnutí_občanů,12,8470
2020/10/01 00:00:00,Komunistická_strana_Čech_a_Moravy,5,7263
2020/10/01 00:00:00,Strana_zelených,9,3834
2020/10/01 00:00:00,KDU-ČSL,4,10893
2020/10/01 00:00:00,Občanská_demokratická_strana,6,11473
2020/09/01 00:00:00,ANO_2011,1,7137
2020/09/01 00:00:00,Česká_strana_sociálně_demokratická,3,6132
2020/09/01 00:00:00,Starostové_a_nezávislí,8,4797
2020/09/01 00:00:00,TOP_09,11,7200
2020/09/01 00:00:00,Česká_pirátská_strana,2,8968
2020/09/01 00:00:00,Svoboda_a_přímá_demokracie,10,4579
2020/09/01 00:00:00,Trikolóra_hnutí_občanů,12,6951
2020/09/01 00:00:00,Komunistická_strana_Čech_a_Moravy,5,3986
2020/09/01 00:00:00,Strana_zelených,9,2504
2020/09/01 00:00:00,KDU-ČSL,4,5496
2020/09/01 00:00:00,Občanská_demokratická_strana,6,7043
2020/08/01 00:00:00,ANO_2011,1,3004
2020/08/01 00:00:00,Česká_strana_sociálně_demokratická,3,3303
2020/08/01 00:00:00,Starostové_a_nezávislí,8,1350
2020/08/01 00:00:00,TOP_09,11,2191
2020/08/01 00:00:00,Česká_pirátská_strana,2,3337
2020/08/01 00:00:00,Svoboda_a_přímá_demokracie,10,2170
2020/08/01 00:00:00,Trikolóra_hnutí_občanů,12,2952
2020/08/01 00:00:00,Komunistická_strana_Čech_a_Moravy,5,2377
2020/08/01 00:00:00,Strana_zelených,9,1182
2020/08/01 00:00:00,KDU-ČSL,4,1955
2020/08/01 00:00:00,Občanská_demokratická_strana,6,2774
2020/07/01 00:00:00,ANO_2011,1,2924
2020/07/01 00:00:00,Česká_strana_sociálně_demokratická,3,3212
2020/07/01 00:00:00,Starostové_a_nezávislí,8,1638
2020/07/01 00:00:00,TOP_09,11,2553
2020/07/01 00:00:00,Česká_pirátská_strana,2,3417
2020/07/01 00:00:00,Svoboda_a_přímá_demokracie,10,2405
2020/07/01 00:00:00,Trikolóra_hnutí_občanů,12,2993
2020/07/01 00:00:00,Komunistická_strana_Čech_a_Moravy,5,2550
2020/07/01 00:00:00,Strana_zelených,9,1319
2020/07/01 00:00:00,KDU-ČSL,4,1930
2020/07/01 00:00:00,Občanská_demokratická_strana,6,2609
2020/06/01 00:00:00,ANO_2011,1,4671
2020/06/01 00:00:00,Česká_strana_sociálně_demokratická,3,4418
2020/06/01 00:00:00,Starostové_a_nezávislí,8,1888
2020/06/01 00:00:00,TOP_09,11,2649
2020/06/01 00:00:00,Česká_pirátská_strana,2,3956
2020/06/01 00:00:00,Svoboda_a_přímá_demokracie,10,2391
2020/06/01 00:00:00,Trikolóra_hnutí_občanů,12,2472
2020/06/01 00:00:00,Komunistická_strana_Čech_a_Moravy,5,3861
2020/06/01 00:00:00,Strana_zelených,9,1567
2020/06/01 00:00:00,KDU-ČSL,4,2659
2020/06/01 00:00:00,Občanská_demokratická_strana,6,3727
2020/05/01 00:00:00,ANO_2011,1,6031
2020/05/01 00:00:00,Česká_strana_sociálně_demokratická,3,5700
2020/05/01 00:00:00,Starostové_a_nezávislí,8,2347
2020/05/01 00:00:00,TOP_09,11,4003
2020/05/01 00:00:00,Česká_pirátská_strana,2,4813
2020/05/01 00:00:00,Svoboda_a_přímá_demokracie,10,3207
2020/05/01 00:00:00,Trikolóra_hnutí_občanů,12,2114
2020/05/01 00:00:00,Komunistická_strana_Čech_a_Moravy,5,4222
2020/05/01 00:00:00,Strana_zelených,9,1762
2020/05/01 00:00:00,KDU-ČSL,4,3322
2020/05/01 00:00:00,Občanská_demokratická_strana,6,4719
2020/04/01 00:00:00,ANO_2011,1,6569
2020/04/01 00:00:00,Česká_strana_sociálně_demokratická,3,6244
2020/04/01 00:00:00,Starostové_a_nezávislí,8,2604
2020/04/01 00:00:00,TOP_09,11,5094
2020/04/01 00:00:00,Česká_pirátská_strana,2,5000
2020/04/01 00:00:00,Svoboda_a_přímá_demokracie,10,3357
2020/04/01 00:00:00,Trikolóra_hnutí_občanů,12,1896
2020/04/01 00:00:00,Komunistická_strana_Čech_a_Moravy,5,3953
2020/04/01 00:00:00,Strana_zelených,9,1686
2020/04/01 00:00:00,KDU-ČSL,4,3674
2020/04/01 00:00:00,Občanská_demokratická_strana,6,4802
2020/03/01 00:00:00,ANO_2011,1,6643
2020/03/01 00:00:00,Česká_strana_sociálně_demokratická,3,5372
2020/03/01 00:00:00,Starostové_a_nezávislí,8,2107
2020/03/01 00:00:00,TOP_09,11,3360
2020/03/01 00:00:00,Česká_pirátská_strana,2,3836
2020/03/01 00:00:00,Svoboda_a_přímá_demokracie,10,2893
2020/03/01 00:00:00,Trikolóra_hnutí_občanů,12,1459
2020/03/01 00:00:00,Komunistická_strana_Čech_a_Moravy,5,3302
2020/03/01 00:00:00,Strana_zelených,9,1448
2020/03/01 00:00:00,KDU-ČSL,4,2926
2020/03/01 00:00:00,Občanská_demokratická_strana,6,3896
2020/02/01 00:00:00,ANO_2011,1,4072
2020/02/01 00:00:00,Česká_strana_sociálně_demokratická,3,3771
2020/02/01 00:00:00,Starostové_a_nezávislí,8,1501
2020/02/01 00:00:00,TOP_09,11,2204
2020/02/01 00:00:00,Česká_pirátská_strana,2,3166
2020/02/01 00:00:00,Svoboda_a_přímá_demokracie,10,2145
2020/02/01 00:00:00,Trikolóra_hnutí_občanů,12,2003
2020/02/01 00:00:00,Komunistická_strana_Čech_a_Moravy,5,2729
2020/02/01 00:00:00,Strana_zelených,9,1432
2020/02/01 00:00:00,KDU-ČSL,4,2209
2020/02/01 00:00:00,Občanská_demokratická_strana,6,3045
2020/01/01 00:00:00,ANO_2011,1,4180
2020/01/01 00:00:00,Česká_strana_sociálně_demokratická,3,4152
2020/01/01 00:00:00,Starostové_a_nezávislí,8,1706
2020/01/01 00:00:00,TOP_09,11,2370
2020/01/01 00:00:00,Česká_pirátská_strana,2,4369
2020/01/01 00:00:00,Svoboda_a_přímá_demokracie,10,2014
2020/01/01 00:00:00,Trikolóra_hnutí_občanů,12,2472
2020/01/01 00:00:00,Komunistická_strana_Čech_a_Moravy,5,2832
2020/01/01 00:00:00,Strana_zelených,9,1865
2020/01/01 00:00:00,KDU-ČSL,4,3551
2020/01/01 00:00:00,Občanská_demokratická_strana,6,4791
2019/12/01 00:00:00,ANO_2011,1,3618
2019/12/01 00:00:00,Česká_strana_sociálně_demokratická,3,2940
2019/12/01 00:00:00,Starostové_a_nezávislí,8,1485
2019/12/01 00:00:00,TOP_09,11,2493
2019/12/01 00:00:00,Česká_pirátská_strana,2,3025
2019/12/01 00:00:00,Svoboda_a_přímá_demokracie,10,1709
2019/12/01 00:00:00,Trikolóra_hnutí_občanů,12,4291
2019/12/01 00:00:00,Komunistická_strana_Čech_a_Moravy,5,2221
2019/12/01 00:00:00,Strana_zelených,9,1090
2019/12/01 00:00:00,KDU-ČSL,4,1833
2019/12/01 00:00:00,Občanská_demokratická_strana,6,2787
2019/11/01 00:00:00,ANO_2011,1,4359
2019/11/01 00:00:00,Česká_strana_sociálně_demokratická,3,3857
2019/11/01 00:00:00,Starostové_a_nezávislí,8,1873
2019/11/01 00:00:00,TOP_09,11,4619
2019/11/01 00:00:00,Česká_pirátská_strana,2,3940
2019/11/01 00:00:00,Svoboda_a_přímá_demokracie,10,2261
2019/11/01 00:00:00,Trikolóra_hnutí_občanů,12,4617
2019/11/01 00:00:00,Komunistická_strana_Čech_a_Moravy,5,4052
2019/11/01 00:00:00,Strana_zelených,9,1459
2019/11/01 00:00:00,KDU-ČSL,4,3026
2019/11/01 00:00:00,Občanská_demokratická_strana,6,3910
2019/10/01 00:00:00,ANO_2011,1,3074
2019/10/01 00:00:00,Česká_strana_sociálně_demokratická,3,3319
2019/10/01 00:00:00,Starostové_a_nezávislí,8,1246
2019/10/01 00:00:00,TOP_09,11,1867
2019/10/01 00:00:00,Česká_pirátská_strana,2,3835
2019/10/01 00:00:00,Svoboda_a_přímá_demokracie,10,1905
2019/10/01 00:00:00,Trikolóra_hnutí_občanů,12,3579
2019/10/01 00:00:00,Komunistická_strana_Čech_a_Moravy,5,2874
2019/10/01 00:00:00,Strana_zelených,9,1293
2019/10/01 00:00:00,KDU-ČSL,4,1852
2019/10/01 00:00:00,Občanská_demokratická_strana,6,2634
2019/09/01 00:00:00,ANO_2011,1,2430
2019/09/01 00:00:00,Česká_strana_sociálně_demokratická,3,2527
2019/09/01 00:00:00,Starostové_a_nezávislí,8,1069
2019/09/01 00:00:00,TOP_09,11,1589
2019/09/01 00:00:00,Česká_pirátská_strana,2,2822
2019/09/01 00:00:00,Svoboda_a_přímá_demokracie,10,1329
2019/09/01 00:00:00,Trikolóra_hnutí_občanů,12,5188
2019/09/01 00:00:00,Komunistická_strana_Čech_a_Moravy,5,2162
2019/09/01 00:00:00,Strana_zelených,9,1046
2019/09/01 00:00:00,KDU-ČSL,4,1367
2019/09/01 00:00:00,Občanská_demokratická_strana,6,2045
2019/08/01 00:00:00,ANO_2011,1,1822
2019/08/01 00:00:00,Česká_strana_sociálně_demokratická,3,2894
2019/08/01 00:00:00,Starostové_a_nezávislí,8,757
2019/08/01 00:00:00,TOP_09,11,1452
2019/08/01 00:00:00,Česká_pirátská_strana,2,2174
2019/08/01 00:00:00,Svoboda_a_přímá_demokracie,10,1351
2019/08/01 00:00:00,Trikolóra_hnutí_občanů,12,3463
2019/08/01 00:00:00,Komunistická_strana_Čech_a_Moravy,5,2267
2019/08/01 00:00:00,Strana_zelených,9,910
2019/08/01 00:00:00,KDU-ČSL,4,1039
2019/08/01 00:00:00,Občanská_demokratická_strana,6,1927
2019/07/01 00:00:00,ANO_2011,1,3116
2019/07/01 00:00:00,Česká_strana_sociálně_demokratická,3,3027
2019/07/01 00:00:00,Starostové_a_nezávislí,8,992
2019/07/01 00:00:00,TOP_09,11,1493
2019/07/01 00:00:00,Česká_pirátská_strana,2,2527
2019/07/01 00:00:00,Svoboda_a_přímá_demokracie,10,1753
2019/07/01 00:00:00,Trikolóra_hnutí_občanů,12,7443
2019/07/01 00:00:00,Komunistická_strana_Čech_a_Moravy,5,1911
2019/07/01 00:00:00,Strana_zelených,9,915
2019/07/01 00:00:00,KDU-ČSL,4,883
2019/07/01 00:00:00,Občanská_demokratická_strana,6,2137
2019/06/01 00:00:00,ANO_2011,1,6525
2019/06/01 00:00:00,Česká_strana_sociálně_demokratická,3,4729
2019/06/01 00:00:00,Starostové_a_nezávislí,8,1955
2019/06/01 00:00:00,TOP_09,11,3179
2019/06/01 00:00:00,Česká_pirátská_strana,2,4915
2019/06/01 00:00:00,Svoboda_a_přímá_demokracie,10,2644
2019/06/01 00:00:00,Trikolóra_hnutí_občanů,12,23508
2019/06/01 00:00:00,Komunistická_strana_Čech_a_Moravy,5,2927
2019/06/01 00:00:00,Strana_zelených,9,1228
2019/06/01 00:00:00,KDU-ČSL,4,126
2019/06/01 00:00:00,Občanská_demokratická_strana,6,3904
2019/05/01 00:00:00,ANO_2011,1,9619
2019/05/01 00:00:00,Česká_strana_sociálně_demokratická,3,5993
2019/05/01 00:00:00,Starostové_a_nezávislí,8,3644
2019/05/01 00:00:00,TOP_09,11,4906
2019/05/01 00:00:00,Česká_pirátská_strana,2,10701
2019/05/01 00:00:00,Svoboda_a_přímá_demokracie,10,5478
2019/05/01 00:00:00,Komunistická_strana_Čech_a_Moravy,5,4196
2019/05/01 00:00:00,Strana_zelených,9,2229
2019/05/01 00:00:00,KDU-ČSL,4,179
2019/05/01 00:00:00,Občanská_demokratická_strana,6,6279
2019/04/01 00:00:00,ANO_2011,1,4025
2019/04/01 00:00:00,Česká_strana_sociálně_demokratická,3,3841
2019/04/01 00:00:00,Starostové_a_nezávislí,8,2594
2019/04/01 00:00:00,TOP_09,11,2521
2019/04/01 00:00:00,Česká_pirátská_strana,2,3788
2019/04/01 00:00:00,Svoboda_a_přímá_demokracie,10,2767
2019/04/01 00:00:00,Komunistická_strana_Čech_a_Moravy,5,2614
2019/04/01 00:00:00,Strana_zelených,9,1347
2019/04/01 00:00:00,KDU-ČSL,4,178
2019/04/01 00:00:00,Občanská_demokratická_strana,6,3647
2019/03/01 00:00:00,ANO_2011,1,4065
2019/03/01 00:00:00,Česká_strana_sociálně_demokratická,3,4195
2019/03/01 00:00:00,Starostové_a_nezávislí,8,1419
2019/03/01 00:00:00,TOP_09,11,2406
2019/03/01 00:00:00,Česká_pirátská_strana,2,3936
2019/03/01 00:00:00,Svoboda_a_přímá_demokracie,10,2879
2019/03/01 00:00:00,Komunistická_strana_Čech_a_Moravy,5,2529
2019/03/01 00:00:00,Strana_zelených,9,1170
2019/03/01 00:00:00,KDU-ČSL,4,189
2019/03/01 00:00:00,Občanská_demokratická_strana,6,4312
2019/02/01 00:00:00,ANO_2011,1,3954
2019/02/01 00:00:00,Česká_strana_sociálně_demokratická,3,2980
2019/02/01 00:00:00,Starostové_a_nezávislí,8,1220
2019/02/01 00:00:00,TOP_09,11,1916
2019/02/01 00:00:00,Česká_pirátská_strana,2,3250
2019/02/01 00:00:00,Svoboda_a_přímá_demokracie,10,2026
2019/02/01 00:00:00,Komunistická_strana_Čech_a_Moravy,5,2218
2019/02/01 00:00:00,Strana_zelených,9,1206
2019/02/01 00:00:00,KDU-ČSL,4,83
2019/02/01 00:00:00,Občanská_demokratická_strana,6,2620
2019/01/01 00:00:00,ANO_2011,1,4129
2019/01/01 00:00:00,Česká_strana_sociálně_demokratická,3,3772
2019/01/01 00:00:00,Starostové_a_nezávislí,8,1213
2019/01/01 00:00:00,TOP_09,11,2169
2019/01/01 00:00:00,Česká_pirátská_strana,2,4194
2019/01/01 00:00:00,Svoboda_a_přímá_demokracie,10,2454
2019/01/01 00:00:00,Komunistická_strana_Čech_a_Moravy,5,2947
2019/01/01 00:00:00,Strana_zelených,9,1409
2019/01/01 00:00:00,KDU-ČSL,4,127
2019/01/01 00:00:00,Občanská_demokratická_strana,6,3104
2018/12/01 00:00:00,ANO_2011,1,3157
2018/12/01 00:00:00,Česká_strana_sociálně_demokratická,3,2689
2018/12/01 00:00:00,Starostové_a_nezávislí,8,1161
2018/12/01 00:00:00,TOP_09,11,2005
2018/12/01 00:00:00,Česká_pirátská_strana,2,3795
2018/12/01 00:00:00,Svoboda_a_přímá_demokracie,10,1874
2018/12/01 00:00:00,Komunistická_strana_Čech_a_Moravy,5,2010
2018/12/01 00:00:00,Strana_zelených,9,886
2018/12/01 00:00:00,KDU-ČSL,4,91
2018/12/01 00:00:00,Občanská_demokratická_strana,6,2815
2018/11/01 00:00:00,ANO_2011,1,4893
2018/11/01 00:00:00,Česká_strana_sociálně_demokratická,3,4536
2018/11/01 00:00:00,Starostové_a_nezávislí,8,1699
2018/11/01 00:00:00,TOP_09,11,2747
2018/11/01 00:00:00,Česká_pirátská_strana,2,5552
2018/11/01 00:00:00,Svoboda_a_přímá_demokracie,10,2378
2018/11/01 00:00:00,Komunistická_strana_Čech_a_Moravy,5,3014
2018/11/01 00:00:00,Strana_zelených,9,1357
2018/11/01 00:00:00,KDU-ČSL,4,123
2018/11/01 00:00:00,Občanská_demokratická_strana,6,4104
2018/10/01 00:00:00,ANO_2011,1,6387
2018/10/01 00:00:00,Česká_strana_sociálně_demokratická,3,6317
2018/10/01 00:00:00,Starostové_a_nezávislí,8,3228
2018/10/01 00:00:00,TOP_09,11,3628
2018/10/01 00:00:00,Česká_pirátská_strana,2,7885
2018/10/01 00:00:00,Svoboda_a_přímá_demokracie,10,3139
2018/10/01 00:00:00,Komunistická_strana_Čech_a_Moravy,5,4304
2018/10/01 00:00:00,Strana_zelených,9,2247
2018/10/01 00:00:00,KDU-ČSL,4,234
2018/10/01 00:00:00,Občanská_demokratická_strana,6,5637
2018/09/01 00:00:00,ANO_2011,1,3685
2018/09/01 00:00:00,Česká_strana_sociálně_demokratická,3,3086
2018/09/01 00:00:00,Starostové_a_nezávislí,8,1631
2018/09/01 00:00:00,TOP_09,11,2235
2018/09/01 00:00:00,Česká_pirátská_strana,2,3785
2018/09/01 00:00:00,Svoboda_a_přímá_demokracie,10,2464
2018/09/01 00:00:00,Komunistická_strana_Čech_a_Moravy,5,2445
2018/09/01 00:00:00,Strana_zelených,9,1486
2018/09/01 00:00:00,KDU-ČSL,4,126
2018/09/01 00:00:00,Občanská_demokratická_strana,6,2677
2018/08/01 00:00:00,ANO_2011,1,2161
2018/08/01 00:00:00,Česká_strana_sociálně_demokratická,3,2194
2018/08/01 00:00:00,Starostové_a_nezávislí,8,742
2018/08/01 00:00:00,TOP_09,11,1540
2018/08/01 00:00:00,Česká_pirátská_strana,2,1922
2018/08/01 00:00:00,Svoboda_a_přímá_demokracie,10,1754
2018/08/01 00:00:00,Komunistická_strana_Čech_a_Moravy,5,2190
2018/08/01 00:00:00,Strana_zelených,9,1156
2018/08/01 00:00:00,KDU-ČSL,4,68
2018/08/01 00:00:00,Občanská_demokratická_strana,6,2055
2018/07/01 00:00:00,ANO_2011,1,3077
2018/07/01 00:00:00,Česká_strana_sociálně_demokratická,3,2659
2018/07/01 00:00:00,Starostové_a_nezávislí,8,938
2018/07/01 00:00:00,TOP_09,11,2033
2018/07/01 00:00:00,Česká_pirátská_strana,2,2326
2018/07/01 00:00:00,Svoboda_a_přímá_demokracie,10,1618
2018/07/01 00:00:00,Komunistická_strana_Čech_a_Moravy,5,3123
2018/07/01 00:00:00,Strana_zelených,9,927
2018/07/01 00:00:00,KDU-ČSL,4,81
2018/07/01 00:00:00,Občanská_demokratická_strana,6,2168
2018/06/01 00:00:00,ANO_2011,1,3190
2018/06/01 00:00:00,Česká_strana_sociálně_demokratická,3,3782
2018/06/01 00:00:00,Starostové_a_nezávislí,8,1187
2018/06/01 00:00:00,TOP_09,11,1868
2018/06/01 00:00:00,Česká_pirátská_strana,2,2360
2018/06/01 00:00:00,Svoboda_a_přímá_demokracie,10,1899
2018/06/01 00:00:00,Komunistická_strana_Čech_a_Moravy,5,2754
2018/06/01 00:00:00,Strana_zelených,9,1116
2018/06/01 00:00:00,KDU-ČSL,4,112
2018/06/01 00:00:00,Občanská_demokratická_strana,6,2573
2018/05/01 00:00:00,ANO_2011,1,3539
2018/05/01 00:00:00,Česká_strana_sociálně_demokratická,3,4015
2018/05/01 00:00:00,Starostové_a_nezávislí,8,1119
2018/05/01 00:00:00,TOP_09,11,2029
2018/05/01 00:00:00,Česká_pirátská_strana,2,3047
2018/05/01 00:00:00,Svoboda_a_přímá_demokracie,10,2323
2018/05/01 00:00:00,Komunistická_strana_Čech_a_Moravy,5,2573
2018/05/01 00:00:00,Strana_zelených,9,1187
2018/05/01 00:00:00,KDU-ČSL,4,138
2018/05/01 00:00:00,Občanská_demokratická_strana,6,2712
2018/04/01 00:00:00,ANO_2011,1,4350
2018/04/01 00:00:00,Česká_strana_sociálně_demokratická,3,4418
2018/04/01 00:00:00,Starostové_a_nezávislí,8,1277
2018/04/01 00:00:00,TOP_09,11,2234
2018/04/01 00:00:00,Česká_pirátská_strana,2,3170
2018/04/01 00:00:00,Svoboda_a_přímá_demokracie,10,2997
2018/04/01 00:00:00,Komunistická_strana_Čech_a_Moravy,5,3555
2018/04/01 00:00:00,Strana_zelených,9,1306
2018/04/01 00:00:00,KDU-ČSL,4,129
2018/04/01 00:00:00,Občanská_demokratická_strana,6,2664
2018/03/01 00:00:00,ANO_2011,1,4287
2018/03/01 00:00:00,Česká_strana_sociálně_demokratická,3,4161
2018/03/01 00:00:00,Starostové_a_nezávislí,8,1335
2018/03/01 00:00:00,TOP_09,11,2788
2018/03/01 00:00:00,Česká_pirátská_strana,2,3501
2018/03/01 00:00:00,Svoboda_a_přímá_demokracie,10,2972
2018/03/01 00:00:00,Komunistická_strana_Čech_a_Moravy,5,3776
2018/03/01 00:00:00,Strana_zelených,9,1311
2018/03/01 00:00:00,KDU-ČSL,4,121
2018/03/01 00:00:00,Občanská_demokratická_strana,6,2985
2018/02/01 00:00:00,ANO_2011,1,3574
2018/02/01 00:00:00,Česká_strana_sociálně_demokratická,3,5959
2018/02/01 00:00:00,Starostové_a_nezávislí,8,1358
2018/02/01 00:00:00,TOP_09,11,2324
2018/02/01 00:00:00,Česká_pirátská_strana,2,2960
2018/02/01 00:00:00,Svoboda_a_přímá_demokracie,10,3244
2018/02/01 00:00:00,Komunistická_strana_Čech_a_Moravy,5,2719
2018/02/01 00:00:00,Strana_zelených,9,1209
2018/02/01 00:00:00,KDU-ČSL,4,139
2018/02/01 00:00:00,Občanská_demokratická_strana,6,2615
2018/01/01 00:00:00,ANO_2011,1,6235
2018/01/01 00:00:00,Česká_strana_sociálně_demokratická,3,6302
2018/01/01 00:00:00,Starostové_a_nezávislí,8,1802
2018/01/01 00:00:00,TOP_09,11,3464
2018/01/01 00:00:00,Česká_pirátská_strana,2,6380
2018/01/01 00:00:00,Svoboda_a_přímá_demokracie,10,3704
2018/01/01 00:00:00,Komunistická_strana_Čech_a_Moravy,5,3187
2018/01/01 00:00:00,Strana_zelených,9,2137
2018/01/01 00:00:00,KDU-ČSL,4,189
2018/01/01 00:00:00,Občanská_demokratická_strana,6,4925
2017/12/01 00:00:00,ANO_2011,1,4736
2017/12/01 00:00:00,Česká_strana_sociálně_demokratická,3,3068
2017/12/01 00:00:00,Starostové_a_nezávislí,8,1088
2017/12/01 00:00:00,TOP_09,11,2034
2017/12/01 00:00:00,Česká_pirátská_strana,2,3521
2017/12/01 00:00:00,Svoboda_a_přímá_demokracie,10,3212
2017/12/01 00:00:00,Komunistická_strana_Čech_a_Moravy,5,2283
2017/12/01 00:00:00,Strana_zelených,9,1179
2017/12/01 00:00:00,KDU-ČSL,4,131
2017/12/01 00:00:00,Občanská_demokratická_strana,6,2448
2017/11/01 00:00:00,ANO_2011,1,6593
2017/11/01 00:00:00,Česká_strana_sociálně_demokratická,3,4720
2017/11/01 00:00:00,Starostové_a_nezávislí,8,2006
2017/11/01 00:00:00,TOP_09,11,4614
2017/11/01 00:00:00,Česká_pirátská_strana,2,7510
2017/11/01 00:00:00,Svoboda_a_přímá_demokracie,10,4562
2017/11/01 00:00:00,Komunistická_strana_Čech_a_Moravy,5,3573
2017/11/01 00:00:00,Strana_zelených,9,1925
2017/11/01 00:00:00,KDU-ČSL,4,258
2017/11/01 00:00:00,Občanská_demokratická_strana,6,4917
2017/10/01 00:00:00,ANO_2011,1,33427
2017/10/01 00:00:00,Česká_strana_sociálně_demokratická,3,15082
2017/10/01 00:00:00,Starostové_a_nezávislí,8,14966
2017/10/01 00:00:00,TOP_09,11,16831
2017/10/01 00:00:00,Česká_pirátská_strana,2,57871
2017/10/01 00:00:00,Svoboda_a_přímá_demokracie,10,22206
2017/10/01 00:00:00,Komunistická_strana_Čech_a_Moravy,5,11296
2017/10/01 00:00:00,Strana_zelených,9,11675
2017/10/01 00:00:00,KDU-ČSL,4,806
2017/10/01 00:00:00,Občanská_demokratická_strana,6,18685
2017/09/01 00:00:00,ANO_2011,1,4926
2017/09/01 00:00:00,Česká_strana_sociálně_demokratická,3,3502
2017/09/01 00:00:00,Starostové_a_nezávislí,8,1823
2017/09/01 00:00:00,TOP_09,11,3077
2017/09/01 00:00:00,Česká_pirátská_strana,2,7158
2017/09/01 00:00:00,Svoboda_a_přímá_demokracie,10,4352
2017/09/01 00:00:00,Komunistická_strana_Čech_a_Moravy,5,2868
2017/09/01 00:00:00,Strana_zelených,9,2935
2017/09/01 00:00:00,KDU-ČSL,4,189
2017/09/01 00:00:00,Občanská_demokratická_strana,6,3009
2017/08/01 00:00:00,ANO_2011,1,2810
2017/08/01 00:00:00,Česká_strana_sociálně_demokratická,3,2354
2017/08/01 00:00:00,Starostové_a_nezávislí,8,1153
2017/08/01 00:00:00,TOP_09,11,1641
2017/08/01 00:00:00,Česká_pirátská_strana,2,2149
2017/08/01 00:00:00,Svoboda_a_přímá_demokracie,10,2670
2017/08/01 00:00:00,Komunistická_strana_Čech_a_Moravy,5,1821
2017/08/01 00:00:00,Strana_zelených,9,1127
2017/08/01 00:00:00,KDU-ČSL,4,88
2017/08/01 00:00:00,Občanská_demokratická_strana,6,1689
2017/07/01 00:00:00,ANO_2011,1,2159
2017/07/01 00:00:00,Česká_strana_sociálně_demokratická,3,2195
2017/07/01 00:00:00,Starostové_a_nezávislí,8,1004
2017/07/01 00:00:00,TOP_09,11,1518
2017/07/01 00:00:00,Česká_pirátská_strana,2,1571
2017/07/01 00:00:00,Svoboda_a_přímá_demokracie,10,2694
2017/07/01 00:00:00,Komunistická_strana_Čech_a_Moravy,5,2323
2017/07/01 00:00:00,Strana_zelených,9,1158
2017/07/01 00:00:00,KDU-ČSL,4,98
2017/07/01 00:00:00,Občanská_demokratická_strana,6,1542
2017/06/01 00:00:00,ANO_2011,1,4069
2017/06/01 00:00:00,Česká_strana_sociálně_demokratická,3,5312
2017/06/01 00:00:00,Starostové_a_nezávislí,8,778
2017/06/01 00:00:00,TOP_09,11,2542
2017/06/01 00:00:00,Česká_pirátská_strana,2,1975
2017/06/01 00:00:00,Svoboda_a_přímá_demokracie,10,2695
2017/06/01 00:00:00,Komunistická_strana_Čech_a_Moravy,5,2815
2017/06/01 00:00:00,Strana_zelených,9,1590
2017/06/01 00:00:00,KDU-ČSL,4,219
2017/06/01 00:00:00,Občanská_demokratická_strana,6,2823
2017/05/01 00:00:00,ANO_2011,1,9085
2017/05/01 00:00:00,Česká_strana_sociálně_demokratická,3,6325
2017/05/01 00:00:00,Starostové_a_nezávislí,8,1180
2017/05/01 00:00:00,TOP_09,11,4053
2017/05/01 00:00:00,Česká_pirátská_strana,2,2369
2017/05/01 00:00:00,Svoboda_a_přímá_demokracie,10,2723
2017/05/01 00:00:00,Komunistická_strana_Čech_a_Moravy,5,3502
2017/05/01 00:00:00,Strana_zelených,9,1841
2017/05/01 00:00:00,KDU-ČSL,4,365
2017/05/01 00:00:00,Občanská_demokratická_strana,6,3962
2017/04/01 00:00:00,ANO_2011,1,3205
2017/04/01 00:00:00,Česká_strana_sociálně_demokratická,3,3538
2017/04/01 00:00:00,Starostové_a_nezávislí,8,737
2017/04/01 00:00:00,TOP_09,11,2225
2017/04/01 00:00:00,Česká_pirátská_strana,2,1397
2017/04/01 00:00:00,Svoboda_a_přímá_demokracie,10,1962
2017/04/01 00:00:00,Komunistická_strana_Čech_a_Moravy,5,2357
2017/04/01 00:00:00,Strana_zelených,9,1269
2017/04/01 00:00:00,KDU-ČSL,4,201
2017/04/01 00:00:00,Občanská_demokratická_strana,6,2411
2017/03/01 00:00:00,ANO_2011,1,4326
2017/03/01 00:00:00,Česká_strana_sociálně_demokratická,3,4443
2017/03/01 00:00:00,Starostové_a_nezávislí,8,1180
2017/03/01 00:00:00,TOP_09,11,2778
2017/03/01 00:00:00,Česká_pirátská_strana,2,2476
2017/03/01 00:00:00,Svoboda_a_přímá_demokracie,10,2200
2017/03/01 00:00:00,Komunistická_strana_Čech_a_Moravy,5,2827
2017/03/01 00:00:00,Strana_zelených,9,1549
2017/03/01 00:00:00,KDU-ČSL,4,218
2017/03/01 00:00:00,Občanská_demokratická_strana,6,2866
2017/02/01 00:00:00,ANO_2011,1,6400
2017/02/01 00:00:00,Česká_strana_sociálně_demokratická,3,4111
2017/02/01 00:00:00,Starostové_a_nezávislí,8,1116
2017/02/01 00:00:00,TOP_09,11,2644
2017/02/01 00:00:00,Česká_pirátská_strana,2,1416
2017/02/01 00:00:00,Svoboda_a_přímá_demokracie,10,1935
2017/02/01 00:00:00,Komunistická_strana_Čech_a_Moravy,5,2868
2017/02/01 00:00:00,Strana_zelených,9,1775
2017/02/01 00:00:00,KDU-ČSL,4,220
2017/02/01 00:00:00,Občanská_demokratická_strana,6,2728
2017/01/01 00:00:00,ANO_2011,1,3348
2017/01/01 00:00:00,Česká_strana_sociálně_demokratická,3,3904
2017/01/01 00:00:00,Starostové_a_nezávislí,8,728
2017/01/01 00:00:00,TOP_09,11,2351
2017/01/01 00:00:00,Česká_pirátská_strana,2,1083
2017/01/01 00:00:00,Svoboda_a_přímá_demokracie,10,1817
2017/01/01 00:00:00,Komunistická_strana_Čech_a_Moravy,5,2511
2017/01/01 00:00:00,Strana_zelených,9,2059
2017/01/01 00:00:00,KDU-ČSL,4,180
2017/01/01 00:00:00,Občanská_demokratická_strana,6,2493
2016/12/01 00:00:00,ANO_2011,1,2528
2016/12/01 00:00:00,Česká_strana_sociálně_demokratická,3,3214
2016/12/01 00:00:00,Starostové_a_nezávislí,8,555
2016/12/01 00:00:00,TOP_09,11,1652
2016/12/01 00:00:00,Česká_pirátská_strana,2,906
2016/12/01 00:00:00,Svoboda_a_přímá_demokracie,10,1316
2016/12/01 00:00:00,Komunistická_strana_Čech_a_Moravy,5,1797
2016/12/01 00:00:00,Strana_zelených,9,1253
2016/12/01 00:00:00,KDU-ČSL,4,131
2016/12/01 00:00:00,Občanská_demokratická_strana,6,1940
2016/11/01 00:00:00,ANO_2011,1,3281
2016/11/01 00:00:00,Česká_strana_sociálně_demokratická,3,3943
2016/11/01 00:00:00,Starostové_a_nezávislí,8,757
2016/11/01 00:00:00,TOP_09,11,2199
2016/11/01 00:00:00,Česká_pirátská_strana,2,1097
2016/11/01 00:00:00,Svoboda_a_přímá_demokracie,10,1644
2016/11/01 00:00:00,Komunistická_strana_Čech_a_Moravy,5,2259
2016/11/01 00:00:00,Strana_zelených,9,1390
2016/11/01 00:00:00,KDU-ČSL,4,173
2016/11/01 00:00:00,Občanská_demokratická_strana,6,2273
2016/10/01 00:00:00,ANO_2011,1,10263
2016/10/01 00:00:00,Česká_strana_sociálně_demokratická,3,6207
2016/10/01 00:00:00,Starostové_a_nezávislí,8,4974
2016/10/01 00:00:00,TOP_09,11,5617
2016/10/01 00:00:00,Česká_pirátská_strana,2,4880
2016/10/01 00:00:00,Svoboda_a_přímá_demokracie,10,4200
2016/10/01 00:00:00,Komunistická_strana_Čech_a_Moravy,5,4341
2016/10/01 00:00:00,Strana_zelených,9,2728
2016/10/01 00:00:00,KDU-ČSL,4,380
2016/10/01 00:00:00,Občanská_demokratická_strana,6,5130
2016/09/01 00:00:00,ANO_2011,1,3804
2016/09/01 00:00:00,Česká_strana_sociálně_demokratická,3,3384
2016/09/01 00:00:00,Starostové_a_nezávislí,8,1506
2016/09/01 00:00:00,TOP_09,11,2624
2016/09/01 00:00:00,Česká_pirátská_strana,2,2407
2016/09/01 00:00:00,Svoboda_a_přímá_demokracie,10,2972
2016/09/01 00:00:00,Komunistická_strana_Čech_a_Moravy,5,2528
2016/09/01 00:00:00,Strana_zelených,9,1512
2016/09/01 00:00:00,KDU-ČSL,4,151
2016/09/01 00:00:00,Občanská_demokratická_strana,6,2542
2016/08/01 00:00:00,ANO_2011,1,1874
2016/08/01 00:00:00,Česká_strana_sociálně_demokratická,3,1967
2016/08/01 00:00:00,Starostové_a_nezávislí,8,623
2016/08/01 00:00:00,TOP_09,11,1000
2016/08/01 00:00:00,Česká_pirátská_strana,2,822
2016/08/01 00:00:00,Svoboda_a_přímá_demokracie,10,2130
2016/08/01 00:00:00,Komunistická_strana_Čech_a_Moravy,5,1632
2016/08/01 00:00:00,Strana_zelených,9,766
2016/08/01 00:00:00,KDU-ČSL,4,96
2016/08/01 00:00:00,Občanská_demokratická_strana,6,1303
2016/07/01 00:00:00,ANO_2011,1,1203
2016/07/01 00:00:00,Česká_strana_sociálně_demokratická,3,1507
2016/07/01 00:00:00,Starostové_a_nezávislí,8,421
2016/07/01 00:00:00,TOP_09,11,783
2016/07/01 00:00:00,Česká_pirátská_strana,2,636
2016/07/01 00:00:00,Svoboda_a_přímá_demokracie,10,881
2016/07/01 00:00:00,Komunistická_strana_Čech_a_Moravy,5,1026
2016/07/01 00:00:00,Strana_zelených,9,711
2016/07/01 00:00:00,KDU-ČSL,4,64
2016/07/01 00:00:00,Občanská_demokratická_strana,6,1184
2016/06/01 00:00:00,ANO_2011,1,2560
2016/06/01 00:00:00,Česká_strana_sociálně_demokratická,3,3158
2016/06/01 00:00:00,Starostové_a_nezávislí,8,449
2016/06/01 00:00:00,TOP_09,11,1611
2016/06/01 00:00:00,Česká_pirátská_strana,2,881
2016/06/01 00:00:00,Svoboda_a_přímá_demokracie,10,1082
2016/06/01 00:00:00,Komunistická_strana_Čech_a_Moravy,5,1964
2016/06/01 00:00:00,Strana_zelených,9,1014
2016/06/01 00:00:00,KDU-ČSL,4,191
2016/06/01 00:00:00,Občanská_demokratická_strana,6,2070
2016/05/01 00:00:00,ANO_2011,1,2893
2016/05/01 00:00:00,Česká_strana_sociálně_demokratická,3,3932
2016/05/01 00:00:00,Starostové_a_nezávislí,8,493
2016/05/01 00:00:00,TOP_09,11,2190
2016/05/01 00:00:00,Česká_pirátská_strana,2,1036
2016/05/01 00:00:00,Svoboda_a_přímá_demokracie,10,1167
2016/05/01 00:00:00,Komunistická_strana_Čech_a_Moravy,5,2647
2016/05/01 00:00:00,Strana_zelených,9,1310
2016/05/01 00:00:00,KDU-ČSL,4,254
2016/05/01 00:00:00,Občanská_demokratická_strana,6,2325
2016/04/01 00:00:00,ANO_2011,1,2666
2016/04/01 00:00:00,Česká_strana_sociálně_demokratická,3,4812
2016/04/01 00:00:00,Starostové_a_nezávislí,8,729
2016/04/01 00:00:00,TOP_09,11,2276
2016/04/01 00:00:00,Česká_pirátská_strana,2,1614
2016/04/01 00:00:00,Svoboda_a_přímá_demokracie,10,943
2016/04/01 00:00:00,Komunistická_strana_Čech_a_Moravy,5,2232
2016/04/01 00:00:00,Strana_zelených,9,1366
2016/04/01 00:00:00,KDU-ČSL,4,236
2016/04/01 00:00:00,Občanská_demokratická_strana,6,2530
2016/03/01 00:00:00,ANO_2011,1,3184
2016/03/01 00:00:00,Česká_strana_sociálně_demokratická,3,4082
2016/03/01 00:00:00,Starostové_a_nezávislí,8,498
2016/03/01 00:00:00,TOP_09,11,2331
2016/03/01 00:00:00,Česká_pirátská_strana,2,1213
2016/03/01 00:00:00,Svoboda_a_přímá_demokracie,10,1400
2016/03/01 00:00:00,Komunistická_strana_Čech_a_Moravy,5,2861
2016/03/01 00:00:00,Strana_zelených,9,1431
2016/03/01 00:00:00,KDU-ČSL,4,189
2016/03/01 00:00:00,Občanská_demokratická_strana,6,2294
2016/02/01 00:00:00,ANO_2011,1,2276
2016/02/01 00:00:00,Česká_strana_sociálně_demokratická,3,2852
2016/02/01 00:00:00,Starostové_a_nezávislí,8,440
2016/02/01 00:00:00,TOP_09,11,1673
2016/02/01 00:00:00,Česká_pirátská_strana,2,958
2016/02/01 00:00:00,Svoboda_a_přímá_demokracie,10,1079
2016/02/01 00:00:00,Komunistická_strana_Čech_a_Moravy,5,2215
2016/02/01 00:00:00,Strana_zelených,9,1186
2016/02/01 00:00:00,KDU-ČSL,4,162
2016/02/01 00:00:00,Občanská_demokratická_strana,6,2026
2016/01/01 00:00:00,ANO_2011,1,2778
2016/01/01 00:00:00,Česká_strana_sociálně_demokratická,3,3472
2016/01/01 00:00:00,Starostové_a_nezávislí,8,454
2016/01/01 00:00:00,TOP_09,11,1927
2016/01/01 00:00:00,Česká_pirátská_strana,2,1028
2016/01/01 00:00:00,Svoboda_a_přímá_demokracie,10,778
2016/01/01 00:00:00,Komunistická_strana_Čech_a_Moravy,5,2619
2016/01/01 00:00:00,Strana_zelených,9,2133
2016/01/01 00:00:00,KDU-ČSL,4,182
2016/01/01 00:00:00,Občanská_demokratická_strana,6,5131
2015/12/01 00:00:00,ANO_2011,1,1871
2015/12/01 00:00:00,Česká_strana_sociálně_demokratická,3,2408
2015/12/01 00:00:00,Starostové_a_nezávislí,8,312
2015/12/01 00:00:00,TOP_09,11,1478
2015/12/01 00:00:00,Česká_pirátská_strana,2,810
2015/12/01 00:00:00,Svoboda_a_přímá_demokracie,10,554
2015/12/01 00:00:00,Komunistická_strana_Čech_a_Moravy,5,1988
2015/12/01 00:00:00,Strana_zelených,9,826
2015/12/01 00:00:00,KDU-ČSL,4,149
2015/12/01 00:00:00,Občanská_demokratická_strana,6,1505
2015/11/01 00:00:00,ANO_2011,1,2285
2015/11/01 00:00:00,Česká_strana_sociálně_demokratická,3,2687
2015/11/01 00:00:00,Starostové_a_nezávislí,8,406
2015/11/01 00:00:00,TOP_09,11,2576
2015/11/01 00:00:00,Česká_pirátská_strana,2,1017
2015/11/01 00:00:00,Svoboda_a_přímá_demokracie,10,692
2015/11/01 00:00:00,Komunistická_strana_Čech_a_Moravy,5,1693
2015/11/01 00:00:00,Strana_zelených,9,919
2015/11/01 00:00:00,KDU-ČSL,4,158
2015/11/01 00:00:00,Občanská_demokratická_strana,6,1778
2015/10/01 00:00:00,ANO_2011,1,1807
2015/10/01 00:00:00,Česká_strana_sociálně_demokratická,3,2159
2015/10/01 00:00:00,Starostové_a_nezávislí,8,372
2015/10/01 00:00:00,TOP_09,11,1377
2015/10/01 00:00:00,Česká_pirátská_strana,2,828
2015/10/01 00:00:00,Svoboda_a_přímá_demokracie,10,524
2015/10/01 00:00:00,Komunistická_strana_Čech_a_Moravy,5,1286
2015/10/01 00:00:00,Strana_zelených,9,881
2015/10/01 00:00:00,KDU-ČSL,4,129
2015/10/01 00:00:00,Občanská_demokratická_strana,6,1388
2015/09/01 00:00:00,ANO_2011,1,1269
2015/09/01 00:00:00,Česká_strana_sociálně_demokratická,3,1609
2015/09/01 00:00:00,Starostové_a_nezávislí,8,233
2015/09/01 00:00:00,TOP_09,11,864
2015/09/01 00:00:00,Česká_pirátská_strana,2,604
2015/09/01 00:00:00,Svoboda_a_přímá_demokracie,10,673
2015/09/01 00:00:00,Komunistická_strana_Čech_a_Moravy,5,1201
2015/09/01 00:00:00,Strana_zelených,9,606
2015/09/01 00:00:00,KDU-ČSL,4,91
2015/09/01 00:00:00,Občanská_demokratická_strana,6,943
2015/08/01 00:00:00,ANO_2011,1,960
2015/08/01 00:00:00,Česká_strana_sociálně_demokratická,3,1184
2015/08/01 00:00:00,Starostové_a_nezávislí,8,213
2015/08/01 00:00:00,TOP_09,11,613
2015/08/01 00:00:00,Česká_pirátská_strana,2,665
2015/08/01 00:00:00,Svoboda_a_přímá_demokracie,10,571
2015/08/01 00:00:00,Komunistická_strana_Čech_a_Moravy,5,958
2015/08/01 00:00:00,Strana_zelených,9,594
2015/08/01 00:00:00,KDU-ČSL,4,73
2015/08/01 00:00:00,Občanská_demokratická_strana,6,777
2015/07/01 00:00:00,ANO_2011,1,911
2015/07/01 00:00:00,Česká_strana_sociálně_demokratická,3,1092
2015/07/01 00:00:00,Starostové_a_nezávislí,8,147
2015/07/01 00:00:00,TOP_09,11,584
2015/07/01 00:00:00,Česká_pirátská_strana,2,504
2015/07/01 00:00:00,Svoboda_a_přímá_demokracie,10,498
2015/07/01 00:00:00,Komunistická_strana_Čech_a_Moravy,5,883
2015/07/01 00:00:00,Strana_zelených,9,450
2015/07/01 00:00:00,KDU-ČSL,4,44
2015/07/01 00:00:00,Občanská_demokratická_strana,6,761
